station;date;tmin;tmax;pluie
MON;2025-08-01;23,1;29,0;0,0
MON;2025-08-02;22,2;27,2;0,0
MON;2025-08-03;23,2;27,4;0,0
MON;2025-08-04;21,9;29,3;0,0
MON;2025-08-05;22,0;27,3;1,6
MON;2025-08-06;23,7;27,7;0,0
MON;2025-08-07;23,5;29,9;0,0
MON;2025-08-08;23,3;29,8;0,0
MON;2025-08-09;24,9;30,1;0,0
MON;2025-08-10;24,4;30,5;2,4
MON;2025-08-11;25,2;30,8;0,0
MON;2025-08-12;25,0;30,6;0,0
MON;2025-08-13;25,3;32,1;0,0
MON;2025-08-14;25,0;32,0;0,0
MON;2025-08-15;25,5;31,9;0,0
MON;2025-08-16;25,5;31,4;0,0
MON;2025-08-17;24,8;30,8;0,0
MON;2025-08-18;23,1;28,9;0,0
MON;2025-08-19;21,0;24,6;15,9
MON;2025-08-20;21,6;25,6;14,1
MON;2025-08-21;22,5;29,0;0,0
MON;2025-08-22;22,6;29,2;0,0
MON;2025-08-23;23,7;28,7;0,0
MON;2025-08-24;23,0;28,3;0,0
MON;2025-08-25;22,4;28,8;0,0
MON;2025-08-26;23,2;29,1;0,0
MON;2025-08-27;22,3;27,6;0,0
MON;2025-08-28;23,2;29,3;0,0
MON;2025-08-29;21,8;28,8;0,0
MON;2025-08-30;22,1;27,7;0,0
MON;2025-08-31;23,6;27,9;0,0
MEN;2025-08-01;21,7;29,4;0,0
MEN;2025-08-02;21,8;30,3;0,0
MEN;2025-08-03;23,2;29,8;0,0
MEN;2025-08-04;22,6;28,3;0,0
MEN;2025-08-05;23,3;29,8;0,0
MEN;2025-08-06;22,8;28,2;0,0
MEN;2025-08-07;22,2;29,6;0,0
MEN;2025-08-08;22,3;28,9;0,0
MEN;2025-08-09;22,5;31,4;0,0
MEN;2025-08-10;24,7;31,9;0,0
MEN;2025-08-11;24,5;31,1;0,0
MEN;2025-08-12;32,9;25,8;0,0
MEN;2025-08-13;23,9;32,6;0,0
MEN;2025-08-14;25,3;31,6;0,0
MEN;2025-08-15;24,7;30,4;0,0
MEN;2025-08-16;24,3;32,4;0,0
MEN;2025-08-17;24,3;31,4;0,0
MEN;2025-08-18;23,0;29,3;0,0
MEN;2025-08-19;20,6;26,0;21,4
MEN;2025-08-20;20,4;24,3;16,8
MEN;2025-08-21;22,8;29,6;0,0
MEN;2025-08-22;22,0;28,5;0,0
MEN;2025-08-23;22,5;30,1;0,0
MEN;2025-08-24;21,5;27,7;0,0
MEN;2025-08-25;23,4;29,6;0,0
MEN;2025-08-26;21,8;30,1;0,0
MEN;2025-08-27;23,4;29,9;0,0
MEN;2025-08-28;22,2;27,7;0,0
MEN;2025-08-29;23,4;28,4;0,0
MEN;2025-08-30;23,6;30,2;0,0
MEN;2025-08-31;22,7;30,1;0,0
NIC;2025-08-01;21,6;28,4;0,0
NIC;2025-08-02;20,9;29,8;0,0
NIC;2025-08-03;21,9;28,3;0,0
NIC;2025-08-04;21,4;29,3;1,9
NIC;2025-08-05;21,6;29,2;0,0
NIC;2025-08-06;22,4;30,1;0,0
NIC;2025-08-07;22,4;;0,0
NIC;2025-08-08;21,7;30,2;0,0
NIC;2025-08-09;22,6;29,0;0,0
NIC;2025-08-10;24,4;30,7;1,6
NIC;2025-08-11;24,0;32,7;0,0
NIC;2025-08-12;24,3;32,8;0,0
NIC;2025-08-13;25,1;30,4;0,0
NIC;2025-08-14;24,9;30,7;0,0
NIC;2025-08-15;24,2;30,4;0,0
NIC;2025-08-16;24,6;30,6;0,0
NIC;2025-08-17;23,7;29,5;0,0
NIC;2025-08-18;21,7;27,5;0,0
NIC;2025-08-19;19,4;24,9;11,3
NIC;2025-08-20;20,0;26,1;8,3
NIC;2025-08-21;23,1;30,0;0,0
NIC;2025-08-22;21,1;27,8;0,0
NIC;2025-08-23;22,3;30,0;0,0
NIC;2025-08-24;20,9;29,5;0,0
NIC;2025-08-25;21,2;27,7;0,0
NIC;2025-08-26;21,3;28,4;0,0
NIC;2025-08-27;22,5;28,8;0,0
NIC;2025-08-28;22,9;27,9;0,0
NIC;2025-08-29;22,1;28,3;0,0
NIC;2025-08-30;22,3;29,0;0,0
NIC;2025-08-31;21,8;29,2;0,0
ANT;2025-08-01;22,4;29,6;0,0
ANT;2025-08-02;20,3;28,7;0,0
ANT;2025-08-03;20,5;29,8;0,0
ANT;2025-08-04;21,4;29,1;0,0
ANT;2025-08-05;20,5;30,0;0,0
ANT;2025-08-06;20,5;28,1;0,0
ANT;2025-08-07;22,1;28,1;0,0
ANT;2025-08-08;21,0;29,5;0,0
ANT;2025-08-09;21,8;31,3;0,0
ANT;2025-08-10;23,9;32,9;0,0
ANT;2025-08-11;23,0;30,8;1,6
ANT;2025-08-12;24,5;30,6;0,0
ANT;2025-08-13;23,7;31,3;0,0
ANT;2025-08-14;24,0;31,4;0,0
ANT;2025-08-15;23,8;31,3;0,0
ANT;2025-08-16;22,7;32,5;0,0
ANT;2025-08-17;22,3;29,5;0,0
ANT;2025-08-18;22,0;28,7;0,0
ANT;2025-08-19;20,6;24,7;28,3
ANT;2025-08-20;19,5;26,4;17,5
ANT;2025-08-21;20,6;29,2;0,0
ANT;2025-08-22;22,0;28,3;0,0
ANT;2025-08-23;21,6;29,6;0,0
ANT;2025-08-24;20,3;29,8;0,0
ANT;2025-08-25;20,5;28,1;0,0
ANT;2025-08-26;21,6;29,1;0,0
ANT;2025-08-27;20,9;28,2;0,0
ANT;2025-08-28;29,5;20,3;0,0
ANT;2025-08-29;21,1;28,7;0,0
ANT;2025-08-30;20,9;29,7;0,0
ANT;2025-08-31;22,2;30,0;0,0
SOS;2025-08-01;15,7;30,1;0,0
SOS;2025-08-02;17,4;29,7;0,0
SOS;2025-08-03;17,5;29,7;9,8
SOS;2025-08-04;17,3;31,8;0,0
SOS;2025-08-05;16,8;31,0;0,0
SOS;2025-08-06;16,2;30,0;0,0
SOS;2025-08-07;16,6;29,9;0,0
SOS;2025-08-08;16,6;30,1;0,0
SOS;2025-08-09;17,0;33,4;0,0
SOS;2025-08-10;18,3;32,6;8,6
SOS;2025-08-11;18,7;34,4;0,0
SOS;2025-08-12;18,3;34,1;0,0
SOS;2025-08-13;19,4;33,7;0,3
SOS;2025-08-14;19,3;34,0;10,7
SOS;2025-08-15;19,3;32,4;0,0
SOS;2025-08-16;18,4;32,3;0,0
SOS;2025-08-17;17,9;31,2;0,0
SOS;2025-08-18;17,4;30,8;0,0
SOS;2025-08-19;14,7;27,6;24,8
SOS;2025-08-20;15,1;27,3;34,4
SOS;2025-08-21;16,5;30,3;0,0
SOS;2025-08-22;15,8;30,2;0,0
SOS;2025-08-23;;30,7;0,0
SOS;2025-08-24;16,3;31,3;0,0
SOS;2025-08-25;15,3;31,1;4,0
SOS;2025-08-26;15,6;31,2;0,0
SOS;2025-08-27;16,5;30,5;0,0
SOS;2025-08-28;15,9;32,3;3,8
SOS;2025-08-29;16,7;31,4;0,0
SOS;2025-08-30;17,4;30,1;0,0
SOS;2025-08-31;16,8;30,5;0,0
GRE;2025-08-01;10,8;24,5;9,9
GRE;2025-08-02;10,9;24,3;0,0
GRE;2025-08-03;12,9;23,4;0,0
GRE;2025-08-04;12,6;22,6;1,7
GRE;2025-08-05;11,4;99,9;0,0
GRE;2025-08-06;11,1;24,7;0,0
GRE;2025-08-07;10,7;22,9;0,0
GRE;2025-08-08;10,7;23,2;0,0
GRE;2025-08-09;12,6;23,7;0,0
GRE;2025-08-10;14,6;26,9;0,0
GRE;2025-08-11;14,1;25,6;10,3
GRE;2025-08-12;14,1;25,9;0,0
GRE;2025-08-13;12,8;25,3;0,0
GRE;2025-08-14;14,3;25,8;0,0
GRE;2025-08-15;14,0;27,1;6,1
GRE;2025-08-16;12,8;26,3;0,0
GRE;2025-08-17;11,9;23,9;0,0
GRE;2025-08-18;12,8;24,7;0,0
GRE;2025-08-19;11,4;19,1;26,1
GRE;2025-08-20;9,9;18,9;41,4
GRE;2025-08-21;12,4;23,4;0,0
GRE;2025-08-22;12,6;22,2;7,1
GRE;2025-08-23;10,9;24,5;0,0
GRE;2025-08-24;11,6;24,2;2,9
GRE;2025-08-25;11,8;22,2;0,0
GRE;2025-08-26;10,8;24,0;0,0
GRE;2025-08-27;11,8;23,3;0,0
GRE;2025-08-28;10,9;22,9;9,7
GRE;2025-08-29;11,6;24,9;0,4
GRE;2025-08-30;10,7;23,9;0,0
GRE;2025-08-31;12,5;23,3;0,0
MON;2025-08-14;25,0;32,0;0,0
SOS;2025-08-02;17,4;29,7;0,0
NIC;2025-08-15;24,2;30,8;0,0
VIL;2025-08-03;22,9;28,1;0
VIL;2025-08-04;23,4;28,7;0
VIL;2025-08-05;23,1;29,0;0
VIL;2025-08-06;23,6;29,4;1,2
