date,tmin,tmax,pluie
2025-01-01,7.4,10.6,40.1
2025-01-02,8.2,12.8,0.0
2025-01-03,10.6,14.4,0.5
2025-01-04,9.7,12.1,2.5
2025-01-05,9.5,11.5,0.0
2025-01-06,9.6,12.0,0.0
2025-01-07,7.7,12.3,0.0
2025-01-08,8.0,12.4,0.0
2025-01-09,8.0,12.5,0.0
2025-01-10,7.4,10.8,0.0
2025-01-11,5.8,10.3,0.0
2025-01-12,4.5,8.2,0.0
2025-01-13,5.7,9.2,3.8
2025-01-14,7.6,11.1,0.0
2025-01-15,6.8,9.5,5.0
2025-01-16,7.8,13.8,0.0
2025-01-17,6.7,11.9,0.0
2025-01-18,8.8,12.6,0.0
2025-01-19,6.7,9.0,6.6
2025-01-20,7.1,11.4,0.0
2025-01-21,9.4,13.1,12.8
2025-01-22,8.9,14.8,0.0
2025-01-23,10.1,16.4,0.0
2025-01-24,10.3,14.3,0.0
2025-01-25,9.9,15.7,0.0
2025-01-26,9.4,16.4,0.0
2025-01-27,9.4,17.2,0.0
2025-01-28,11.6,15.9,0.0
2025-01-29,12.0,19.1,0.0
2025-01-30,11.7,17.6,0.0
2025-01-31,11.9,13.9,22.0
2025-02-01,11.2,14.8,0.0
2025-02-02,10.5,16.4,0.0
2025-02-03,9.5,15.3,0.0
2025-02-04,9.4,15.1,0.0
2025-02-05,9.3,12.7,0.0
2025-02-06,7.4,13.5,0.0
2025-02-07,9.8,14.2,0.0
2025-02-08,11.2,13.2,0.5
2025-02-09,7.2,10.8,0.0
2025-02-10,8.0,12.0,0.0
2025-02-11,5.9,11.5,0.0
2025-02-12,8.0,12.5,0.0
2025-02-13,6.2,13.4,0.0
2025-02-14,5.4,9.2,0.0
2025-02-15,7.1,12.0,0.0
2025-02-16,6.3,10.9,0.0
2025-02-17,8.1,13.0,0.0
2025-02-18,8.8,13.5,0.0
2025-02-19,9.5,11.5,21.4
2025-02-20,5.9,11.0,1.8
2025-02-21,7.5,10.8,7.8
2025-02-22,5.8,9.9,0.0
2025-02-23,7.6,9.6,12.9
2025-02-24,7.7,11.4,11.7
2025-02-25,8.8,14.3,0.0
2025-02-26,8.8,12.6,4.1
2025-02-27,9.6,13.9,3.9
2025-02-28,11.3,14.5,0.0
2025-03-01,9.4,14.3,0.0
2025-03-02,7.5,10.5,0.0
2025-03-03,8.0,11.8,16.6
2025-03-04,8.3,14.4,0.0
2025-03-05,11.9,15.2,2.9
2025-03-06,10.5,14.2,0.0
2025-03-07,9.1,15.1,0.0
2025-03-08,7.0,9.8,4.7
2025-03-09,6.6,11.5,0.0
2025-03-10,7.0,12.1,16.9
2025-03-11,9.3,12.1,2.3
2025-03-12,9.0,14.0,0.0
2025-03-13,8.4,13.3,0.0
2025-03-14,9.9,12.7,0.0
2025-03-15,8.4,13.1,0.0
2025-03-16,8.3,14.0,0.0
2025-03-17,10.1,14.7,0.0
2025-03-18,8.2,10.9,15.0
2025-03-19,11.1,14.6,38.4
2025-03-20,10.9,13.3,28.1
2025-03-21,10.0,12.8,0.0
2025-03-22,9.6,14.1,2.2
2025-03-23,11.3,14.8,0.6
2025-03-24,11.6,15.4,0.0
2025-03-25,11.2,14.7,4.3
2025-03-26,13.1,18.1,0.0
2025-03-27,12.9,17.3,0.0
2025-03-28,12.9,18.1,0.0
2025-03-29,10.9,13.7,3.8
2025-03-30,13.4,16.3,0.0
2025-03-31,12.5,16.5,18.7
2025-04-01,13.2,17.9,0.0
2025-04-02,13.4,17.9,0.0
2025-04-03,12.1,18.0,0.0
2025-04-04,11.8,16.8,0.0
2025-04-05,11.4,15.6,0.0
2025-04-06,10.5,15.0,6.1
2025-04-07,11.3,16.7,0.0
2025-04-08,10.0,16.2,0.0
2025-04-09,9.0,14.5,0.0
2025-04-10,11.2,14.4,20.5
2025-04-11,12.7,14.7,3.5
2025-04-12,10.1,14.5,5.0
2025-04-13,12.4,15.7,0.0
2025-04-14,12.6,18.8,0.0
2025-04-15,13.7,19.5,0.0
2025-04-16,14.4,18.2,0.0
2025-04-17,14.0,20.2,0.0
2025-04-18,15.0,18.3,0.0
2025-04-19,13.6,19.4,0.0
2025-04-20,13.1,15.9,8.9
2025-04-21,14.6,19.6,0.0
2025-04-22,14.8,21.7,0.0
2025-04-23,14.9,18.6,4.0
2025-04-24,17.1,23.0,0.0
2025-04-25,16.4,23.5,0.0
2025-04-26,15.9,21.9,0.0
2025-04-27,16.5,21.7,0.0
2025-04-28,16.3,21.6,0.0
2025-04-29,17.5,23.2,0.0
2025-04-30,17.1,22.1,1.5
2025-05-01,16.3,22.6,0.0
2025-05-02,15.8,22.0,0.0
2025-05-03,16.0,20.9,5.1
2025-05-04,16.0,22.1,0.0
2025-05-05,19.2,25.1,0.0
2025-05-06,19.5,24.3,0.0
2025-05-07,18.6,24.1,0.0
2025-05-08,16.9,20.1,2.3
2025-05-09,15.8,20.5,0.0
2025-05-10,15.7,19.4,0.0
2025-05-11,17.9,22.3,0.0
2025-05-12,17.3,22.9,0.0
2025-05-13,18.0,20.0,0.0
2025-05-14,14.9,22.9,0.0
2025-05-15,18.0,22.6,0.0
2025-05-16,18.3,22.0,0.0
2025-05-17,18.6,23.0,0.0
2025-05-18,17.0,24.5,0.0
2025-05-19,16.6,22.3,0.0
2025-05-20,16.9,22.0,0.0
2025-05-21,16.4,22.8,0.0
2025-05-22,15.4,19.2,0.0
2025-05-23,16.4,21.7,0.0
2025-05-24,18.0,20.5,0.0
2025-05-25,18.9,23.2,0.0
2025-05-26,19.8,24.5,0.0
2025-05-27,17.2,24.1,0.0
2025-05-28,18.2,23.4,0.0
2025-05-29,19.3,25.8,0.0
2025-05-30,18.9,22.4,0.0
2025-05-31,18.2,23.6,0.0
2025-06-01,18.8,23.3,0.0
2025-06-02,16.2,21.4,0.0
2025-06-03,18.9,23.5,0.0
2025-06-04,23.0,25.0,0.0
2025-06-05,20.9,24.9,0.0
2025-06-06,20.3,23.8,0.0
2025-06-07,21.0,27.3,0.0
2025-06-08,21.3,25.3,14.2
2025-06-09,20.8,25.6,0.0
2025-06-10,21.3,27.7,0.0
2025-06-11,19.7,25.8,0.0
2025-06-12,20.0,25.0,0.0
2025-06-13,19.6,24.8,0.0
2025-06-14,18.6,24.3,0.0
2025-06-15,21.3,25.0,0.0
2025-06-16,20.0,25.5,0.0
2025-06-17,20.6,25.8,0.0
2025-06-18,20.0,23.9,0.0
2025-06-19,20.7,24.4,0.0
2025-06-20,21.3,26.0,0.0
2025-06-21,20.2,25.4,0.0
2025-06-22,20.1,26.3,0.0
2025-06-23,21.0,26.5,0.0
2025-06-24,22.0,26.1,0.0
2025-06-25,23.3,29.1,0.0
2025-06-26,24.0,27.2,0.0
2025-06-27,22.0,28.1,0.0
2025-06-28,23.4,29.4,0.0
2025-06-29,24.5,29.7,0.0
2025-06-30,21.4,26.6,0.0
2025-07-01,22.6,30.1,0.0
2025-07-02,23.2,28.9,0.0
2025-07-03,23.7,30.7,0.0
2025-07-04,23.1,25.6,13.8
2025-07-05,20.4,26.7,0.0
2025-07-06,23.3,29.4,0.0
2025-07-07,21.3,27.8,0.0
2025-07-08,21.3,27.7,0.0
2025-07-09,22.6,28.9,0.0
2025-07-10,22.2,26.6,0.0
2025-07-11,24.2,30.4,0.0
2025-07-12,24.1,28.2,0.0
2025-07-13,22.0,27.2,0.0
2025-07-14,21.8,27.4,0.0
2025-07-15,21.7,26.6,0.0
2025-07-16,21.5,28.2,0.0
2025-07-17,22.3,28.7,0.0
2025-07-18,23.6,30.5,0.0
2025-07-19,25.1,28.7,0.0
2025-07-20,22.1,28.5,0.0
2025-07-21,21.6,26.7,0.0
2025-07-22,23.8,27.6,0.0
2025-07-23,21.6,28.3,0.0
2025-07-24,22.2,28.9,0.0
2025-07-25,21.0,26.1,0.0
2025-07-26,21.3,26.0,0.0
2025-07-27,19.9,26.2,0.0
2025-07-28,19.8,24.8,0.0
2025-07-29,19.2,24.5,0.0
2025-07-30,20.9,26.2,0.0
2025-07-31,20.7,26.6,0.0
2025-08-01,20.7,26.4,0.0
2025-08-02,22.5,28.6,0.0
2025-08-03,23.0,27.9,0.0
2025-08-04,23.9,30.6,0.0
2025-08-05,25.6,31.9,0.0
2025-08-06,23.3,27.8,0.0
2025-08-07,24.0,31.0,0.0
2025-08-08,23.0,28.0,0.0
2025-08-09,21.1,27.8,0.0
2025-08-10,21.1,27.0,0.0
2025-08-11,22.7,27.0,0.0
2025-08-12,22.5,28.2,0.0
2025-08-13,23.6,28.4,0.0
2025-08-14,26.1,28.9,0.0
2025-08-15,22.5,28.5,0.0
2025-08-16,22.5,29.7,0.0
2025-08-17,21.9,26.9,0.0
2025-08-18,22.8,27.6,0.0
2025-08-19,19.5,24.0,0.0
2025-08-20,20.4,26.6,0.0
2025-08-21,20.9,27.9,0.0
2025-08-22,21.4,25.5,0.0
2025-08-23,20.1,26.6,0.0
2025-08-24,20.9,26.3,0.0
2025-08-25,21.6,27.2,0.0
2025-08-26,20.1,24.9,0.0
2025-08-27,21.0,24.1,0.0
2025-08-28,16.9,22.0,0.0
2025-08-29,19.6,23.9,0.0
2025-08-30,20.4,26.9,0.0
2025-08-31,20.9,24.7,0.0
2025-09-01,21.2,26.7,0.0
2025-09-02,20.7,26.5,0.0
2025-09-03,17.4,23.0,0.0
2025-09-04,18.8,25.0,0.0
2025-09-05,21.9,25.6,0.0
2025-09-06,20.0,23.1,0.0
2025-09-07,20.0,25.7,0.0
2025-09-08,20.0,25.3,0.0
2025-09-09,20.6,25.7,0.0
2025-09-10,20.4,28.2,0.0
2025-09-11,21.7,26.8,0.0
2025-09-12,18.6,23.0,0.0
2025-09-13,18.9,25.1,0.0
2025-09-14,20.0,27.2,0.0
2025-09-15,22.8,30.0,0.0
2025-09-16,21.0,25.3,0.0
2025-09-17,22.7,26.5,0.0
2025-09-18,20.2,27.0,0.0
2025-09-19,19.4,25.0,0.0
2025-09-20,19.9,24.0,0.0
2025-09-21,19.4,25.6,0.0
2025-09-22,20.3,24.1,0.0
2025-09-23,20.5,23.1,0.0
2025-09-24,19.5,23.9,0.0
2025-09-25,16.8,21.1,0.0
2025-09-26,16.8,23.1,0.0
2025-09-27,16.2,21.5,0.0
2025-09-28,15.4,20.4,5.0
2025-09-29,16.6,22.0,0.0
2025-09-30,18.5,24.1,0.0
2025-10-01,18.3,25.0,0.0
2025-10-02,19.3,22.5,0.0
2025-10-03,19.8,23.1,0.0
2025-10-04,16.7,23.4,0.0
2025-10-05,17.7,22.3,0.0
2025-10-06,18.6,21.9,0.0
2025-10-07,17.8,23.7,0.0
2025-10-08,19.4,23.6,29.2
2025-10-09,18.7,23.5,0.0
2025-10-10,18.0,25.1,0.0
2025-10-11,18.1,23.1,0.0
2025-10-12,18.7,25.4,0.0
2025-10-13,19.6,24.5,0.0
2025-10-14,21.0,27.7,0.0
2025-10-15,16.2,21.1,9.5
2025-10-16,18.9,25.3,0.0
2025-10-17,16.6,21.8,18.7
2025-10-18,18.2,23.8,0.0
2025-10-19,18.7,23.8,0.0
2025-10-20,17.8,23.6,0.0
2025-10-21,18.1,20.9,19.6
2025-10-22,16.3,20.9,0.0
2025-10-23,15.8,19.2,0.0
2025-10-24,17.2,19.5,10.1
2025-10-25,16.4,19.6,0.0
2025-10-26,18.5,22.4,0.0
2025-10-27,15.6,22.1,0.0
2025-10-28,17.1,21.7,3.2
2025-10-29,17.4,22.6,0.0
2025-10-30,16.2,21.7,0.0
2025-10-31,18.0,24.3,0.0
2025-11-01,19.0,22.7,0.0
2025-11-02,16.4,21.2,5.6
2025-11-03,16.3,20.4,7.2
2025-11-04,14.6,20.0,0.0
2025-11-05,13.8,18.9,0.0
2025-11-06,14.4,18.8,0.0
2025-11-07,13.3,17.2,9.6
2025-11-08,13.4,18.2,0.0
2025-11-09,14.3,21.3,0.0
2025-11-10,13.5,17.1,0.0
2025-11-11,15.0,20.1,0.0
2025-11-12,14.7,20.3,0.0
2025-11-13,15.8,19.7,0.0
2025-11-14,15.1,21.3,0.0
2025-11-15,16.4,20.7,0.0
2025-11-16,16.9,22.0,0.0
2025-11-17,12.3,17.9,0.0
2025-11-18,13.7,19.3,0.0
2025-11-19,11.4,16.0,0.0
2025-11-20,13.8,19.3,0.0
2025-11-21,13.7,18.5,7.0
2025-11-22,14.1,17.9,0.0
2025-11-23,12.6,17.7,11.8
2025-11-24,10.7,14.4,0.0
2025-11-25,10.8,15.1,0.0
2025-11-26,13.3,17.6,2.5
2025-11-27,13.1,17.4,0.0
2025-11-28,11.2,16.9,0.0
2025-11-29,12.9,16.3,0.0
2025-11-30,14.0,17.8,0.0
2025-12-01,9.8,14.6,6.9
2025-12-02,12.2,15.3,0.0
2025-12-03,10.2,16.0,0.0
2025-12-04,10.0,14.3,7.1
2025-12-05,12.4,16.6,0.0
2025-12-06,9.9,14.0,0.0
2025-12-07,8.1,14.1,0.0
2025-12-08,9.7,13.6,0.0
2025-12-09,8.7,11.4,13.6
2025-12-10,12.7,16.5,0.0
2025-12-11,11.0,16.7,0.0
2025-12-12,10.4,16.5,0.0
2025-12-13,8.8,14.1,0.0
2025-12-14,11.6,17.4,0.0
2025-12-15,15.1,18.1,0.0
2025-12-16,11.9,17.8,0.0
2025-12-17,12.7,16.6,24.1
2025-12-18,12.6,19.5,0.0
2025-12-19,11.6,15.5,0.0
2025-12-20,12.8,18.7,0.0
2025-12-21,13.9,19.7,0.0
2025-12-22,11.9,16.5,0.0
2025-12-23,11.8,16.8,0.0
2025-12-24,12.0,16.3,0.0
2025-12-25,10.4,15.2,0.0
2025-12-26,10.7,15.2,0.0
2025-12-27,9.6,12.8,2.8
2025-12-28,10.7,14.4,0.0
2025-12-29,9.5,12.6,8.9
2025-12-30,8.6,14.2,0.0
2025-12-31,9.1,13.5,0.0
