prenom,sexe,annee,nombre
Louise,F,2023,3177
Ambre,F,2023,3168
Alba,F,2023,3088
Jade,F,2023,2891
Emma,F,2023,2663
Rose,F,2023,2375
Alma,F,2023,2342
Alice,F,2023,2256
Romy,F,2023,2198
Anna,F,2023,2129
Gabriel,G,2023,4527
Raphael,G,2023,3477
Leo,G,2023,3454
Louis,G,2023,3331
Mael,G,2023,3280
Noah,G,2023,3163
Jules,G,2023,3020
Adam,G,2023,2966
Arthur,G,2023,2915
Isaac,G,2023,2551
Louise,F,2025,3070
Jade,F,2025,2925
Ambre,F,2025,2805
Alma,F,2025,2500
Alba,F,2025,2360
Rose,F,2025,2320
Emma,F,2025,2310
Romy,F,2025,2245
Adele,F,2025,2225
Alice,F,2025,2130
Gabriel,G,2025,4625
Noah,G,2025,3465
Leo,G,2025,3420
Raphael,G,2025,3285
Louis,G,2025,3260
Jules,G,2025,3040
Arthur,G,2025,2875
Leon,G,2025,2835
Adam,G,2025,2810
Mael,G,2025,2700
